{
  "position": "LONG",
  "entry_price": 8.515,
  "tp_price": 8.699529815834303,
  "sl_price": 8.45964105524971
}