{
  "position": "LONG",
  "entry_price": 0.414,
  "tp_price": 0.429285298197378,
  "sl_price": 0.4094144105407866
}