{
  "position": "LONG",
  "entry_price": 0.36,
  "tp_price": 0.3735225867594067,
  "sl_price": 0.355943223972178
}