{
  "position": "LONG",
  "entry_price": 2.021,
  "tp_price": 2.083153566924314,
  "sl_price": 2.0023539299227058
}