{
  "position": "LONG",
  "entry_price": 17.33,
  "tp_price": 17.663889041246115,
  "sl_price": 17.229833287626164
}