{
  "position": "LONG",
  "entry_price": 0.343,
  "tp_price": 0.3555950109995531,
  "sl_price": 0.33922149670013413
}