{
  "position": "LONG",
  "entry_price": 0.33,
  "tp_price": 0.3408218287124342,
  "sl_price": 0.32675345138626977
}