{
  "position": "LONG",
  "entry_price": 3.676,
  "tp_price": 3.7902288912667133,
  "sl_price": 3.6417313326199863
}