{
  "position": "LONG",
  "entry_price": 17.51,
  "tp_price": 17.811880498591762,
  "sl_price": 17.419435850422474
}