{
  "position": "LONG",
  "entry_price": 0.2323,
  "tp_price": 0.23668672151725026,
  "sl_price": 0.23098398354482494
}