{
  "position": "LONG",
  "entry_price": 62453.59,
  "tp_price": 63314.343298405445,
  "sl_price": 62195.36401047836
}