{
  "position": "LONG",
  "entry_price": 1874.91,
  "tp_price": 1913.7048322704554,
  "sl_price": 1863.2715503188635
}