{
  "position": "LONG",
  "entry_price": 0.7627,
  "tp_price": 0.7798250143972181,
  "sl_price": 0.7575624956808347
}