{
  "position": "LONG",
  "entry_price": 0.1639,
  "tp_price": 0.16784134551789212,
  "sl_price": 0.16271759634463234
}