{
  "position": "LONG",
  "entry_price": 0.4183,
  "tp_price": 0.4330579211263771,
  "sl_price": 0.4138726236620869
}